id,ts,department,unit,shift,energy_kwh,water_l,waste_kg,emissions_gco2
2701,2025-07-26,Spinning,Unit A,Morning,1119.78,5974.54,159.62,142.41
2702,2025-07-26,Spinning,Unit A,Evening,1313.94,6290.22,189.38,146.67
2703,2025-07-26,Spinning,Unit A,Night,1182.96,5483.36,171.96,127.4
2704,2025-07-26,Spinning,Unit B,Morning,1192.18,6149.07,171.95,144.36
2705,2025-07-26,Spinning,Unit B,Evening,1150.83,5627.28,174.51,125.25
2706,2025-07-26,Spinning,Unit B,Night,1019.5,5409.58,157.37,123.74
2707,2025-07-26,Weaving,Unit A,Morning,1002.86,4354.61,152.49,118.57
2708,2025-07-26,Weaving,Unit A,Evening,884.93,4018.17,131.98,112.21
2709,2025-07-26,Weaving,Unit A,Night,913.51,4137.83,134.94,117.39
2710,2025-07-26,Weaving,Unit B,Morning,802.83,3501.32,127.21,93.95
2711,2025-07-26,Weaving,Unit B,Evening,805.63,3549.8,135.48,104.75
2712,2025-07-26,Weaving,Unit B,Night,944.77,4349.69,145.7,109.41
2713,2025-07-26,Dyeing,Unit A,Morning,1515.81,10169.31,226.22,189.01
2714,2025-07-26,Dyeing,Unit A,Evening,1895.52,12274.93,284.4,240.17
2715,2025-07-26,Dyeing,Unit A,Night,1907.73,12308.55,276.02,252.29
2716,2025-07-26,Dyeing,Unit B,Morning,1558.28,10257.58,237.42,212.98
2717,2025-07-26,Dyeing,Unit B,Evening,1409.3,9314.58,211.65,190.13
2718,2025-07-26,Dyeing,Unit B,Night,1839.02,11936.87,264.75,253.66
2719,2025-07-27,Spinning,Unit A,Morning,1042.4,5502.19,166.9,122.52
2720,2025-07-27,Spinning,Unit A,Evening,1349.04,6535.69,199.99,162.49
2721,2025-07-27,Spinning,Unit A,Night,1180.7,5748.21,175.76,148.09
2722,2025-07-27,Spinning,Unit B,Morning,1477.19,7186.34,207.78,169.17
2723,2025-07-27,Spinning,Unit B,Evening,1407.27,7099.23,204.39,172.84
2724,2025-07-27,Spinning,Unit B,Night,1027.19,5345.77,166.11,125.76
2725,2025-07-27,Weaving,Unit A,Morning,1103.37,5030.95,160.13,122.2
2726,2025-07-27,Weaving,Unit A,Evening,824.64,3746.44,120.14,91.83
2727,2025-07-27,Weaving,Unit A,Night,938.97,3921.14,136.42,118.75
2728,2025-07-27,Weaving,Unit B,Morning,1044.8,4447.3,152.85,118.92
2729,2025-07-27,Weaving,Unit B,Evening,1055.62,4481.12,157.34,131.65
2730,2025-07-27,Weaving,Unit B,Night,1006.77,4674.96,169.16,121.08
2731,2025-07-27,Dyeing,Unit A,Morning,1854.17,12160.54,270.23,238.67
2732,2025-07-27,Dyeing,Unit A,Evening,1709.05,11147.43,241.63,232.1
2733,2025-07-27,Dyeing,Unit A,Night,1470.99,9596.19,203.05,200.31
2734,2025-07-27,Dyeing,Unit B,Morning,1389.32,9142.14,202.88,188.68
2735,2025-07-27,Dyeing,Unit B,Evening,1297.09,8987.69,197.66,175.77
2736,2025-07-27,Dyeing,Unit B,Night,1300.33,8892.35,195.71,176.87
2737,2025-07-28,Spinning,Unit A,Morning,1225.07,5984.72,184.18,146.93
2738,2025-07-28,Spinning,Unit A,Evening,1043.52,5562.52,154.81,118.2
2739,2025-07-28,Spinning,Unit A,Night,1183.69,5982.72,191.76,137.34
2740,2025-07-28,Spinning,Unit B,Morning,1196.45,5687.59,175.37,126.6
2741,2025-07-28,Spinning,Unit B,Evening,1214.25,6143.29,196.34,145.53
2742,2025-07-28,Spinning,Unit B,Night,1460.57,7524.29,233.59,181.19
2743,2025-07-28,Weaving,Unit A,Morning,884.84,3905.74,128.8,111.57
2744,2025-07-28,Weaving,Unit A,Evening,802.08,3648.8,114.75,103.24
2745,2025-07-28,Weaving,Unit A,Night,982.03,4292.42,156.06,121.63
2746,2025-07-28,Weaving,Unit B,Morning,970.05,4139.75,140.1,106.12
2747,2025-07-28,Weaving,Unit B,Evening,1086.51,4665.57,163.22,138.3
2748,2025-07-28,Weaving,Unit B,Night,1019.98,4705.83,155.94,127.55
2749,2025-07-28,Dyeing,Unit A,Morning,1464.35,9792.28,224.57,195.51
2750,2025-07-28,Dyeing,Unit A,Evening,1324.26,8832.37,196.69,173.41
2751,2025-07-28,Dyeing,Unit A,Night,1741.0,11362.63,263.6,225.35
2752,2025-07-28,Dyeing,Unit B,Morning,1297.82,8998.73,182.87,177.04
2753,2025-07-28,Dyeing,Unit B,Evening,1443.86,9388.29,210.63,200.69
2754,2025-07-28,Dyeing,Unit B,Night,1771.95,12197.93,273.58,236.73
2755,2025-07-29,Spinning,Unit A,Morning,1296.81,6270.05,193.44,142.29
2756,2025-07-29,Spinning,Unit A,Evening,1335.13,7064.59,201.41,159.08
2757,2025-07-29,Spinning,Unit A,Night,1410.4,6957.81,211.96,162.57
2758,2025-07-29,Spinning,Unit B,Morning,1040.13,4970.98,160.05,124.14
2759,2025-07-29,Spinning,Unit B,Evening,1314.32,6379.42,191.99,156.1
2760,2025-07-29,Spinning,Unit B,Night,1131.02,5525.89,164.64,134.92
2761,2025-07-29,Weaving,Unit A,Morning,1091.58,4871.11,175.47,133.3
2762,2025-07-29,Weaving,Unit A,Evening,823.06,3573.0,134.93,95.59
2763,2025-07-29,Weaving,Unit A,Night,899.73,3966.12,135.18,108.27
2764,2025-07-29,Weaving,Unit B,Morning,1009.49,4761.45,158.8,132.34
2765,2025-07-29,Weaving,Unit B,Evening,761.6,3453.0,120.11,100.13
2766,2025-07-29,Weaving,Unit B,Night,1096.38,5071.94,161.61,135.4
2767,2025-07-29,Dyeing,Unit A,Morning,1290.98,8925.6,202.07,177.06
2768,2025-07-29,Dyeing,Unit A,Evening,1454.27,9879.85,213.5,199.96
2769,2025-07-29,Dyeing,Unit A,Night,1770.09,11473.34,256.23,229.98
2770,2025-07-29,Dyeing,Unit B,Morning,1502.21,9818.55,215.49,194.15
2771,2025-07-29,Dyeing,Unit B,Evening,1729.62,11850.43,247.25,236.43
2772,2025-07-29,Dyeing,Unit B,Night,1422.21,9519.72,199.78,184.77
2773,2025-07-30,Spinning,Unit A,Morning,1038.95,5323.48,152.76,129.6
2774,2025-07-30,Spinning,Unit A,Evening,1191.0,5818.69,188.39,133.83
2775,2025-07-30,Spinning,Unit A,Night,1094.32,5288.89,152.69,118.49
2776,2025-07-30,Spinning,Unit B,Morning,1233.2,6204.02,183.16,139.42
2777,2025-07-30,Spinning,Unit B,Evening,1390.69,6681.2,201.59,158.7
2778,2025-07-30,Spinning,Unit B,Night,1065.99,5356.79,163.23,130.87
2779,2025-07-30,Weaving,Unit A,Morning,915.06,4094.84,143.04,101.62
2780,2025-07-30,Weaving,Unit A,Evening,1102.61,5121.95,164.31,128.81
2781,2025-07-30,Weaving,Unit A,Night,1159.6,5120.69,184.74,129.98
2782,2025-07-30,Weaving,Unit B,Morning,1092.36,4927.45,177.15,122.15
2783,2025-07-30,Weaving,Unit B,Evening,839.61,3524.63,113.87,95.38
2784,2025-07-30,Weaving,Unit B,Night,872.8,3839.9,139.22,100.76
2785,2025-07-30,Dyeing,Unit A,Morning,1355.95,9300.48,206.41,190.12
2786,2025-07-30,Dyeing,Unit A,Evening,1651.41,10995.34,259.49,234.83
2787,2025-07-30,Dyeing,Unit A,Night,1591.42,10852.53,233.78,221.45
2788,2025-07-30,Dyeing,Unit B,Morning,1703.7,11239.16,261.76,236.28
2789,2025-07-30,Dyeing,Unit B,Evening,1294.3,8725.83,189.5,178.2
2790,2025-07-30,Dyeing,Unit B,Night,1560.71,10073.31,233.26,217.02
2791,2025-07-31,Spinning,Unit A,Morning,1246.93,6059.79,199.03,141.99
2792,2025-07-31,Spinning,Unit A,Evening,1294.6,6600.51,189.48,148.92
2793,2025-07-31,Spinning,Unit A,Night,1147.1,6084.63,178.22,144.85
2794,2025-07-31,Spinning,Unit B,Morning,1158.54,5568.7,182.11,138.31
2795,2025-07-31,Spinning,Unit B,Evening,1282.27,6346.93,189.19,144.92
2796,2025-07-31,Spinning,Unit B,Night,1389.22,6965.56,205.73,155.04
2797,2025-07-31,Weaving,Unit A,Morning,994.67,4279.57,152.98,108.68
2798,2025-07-31,Weaving,Unit A,Evening,980.72,4231.77,151.32,124.53
2799,2025-07-31,Weaving,Unit A,Night,885.54,4126.93,132.61,108.98
2800,2025-07-31,Weaving,Unit B,Morning,1102.02,4827.45,178.67,129.75
2801,2025-07-31,Weaving,Unit B,Evening,938.65,4491.87,139.41,119.67
2802,2025-07-31,Weaving,Unit B,Night,989.66,4108.37,149.34,118.15
2803,2025-07-31,Dyeing,Unit A,Morning,1792.35,11628.73,253.8,226.87
2804,2025-07-31,Dyeing,Unit A,Evening,1437.39,9748.8,220.21,194.17
2805,2025-07-31,Dyeing,Unit A,Night,1335.73,9059.75,200.85,172.6
2806,2025-07-31,Dyeing,Unit B,Morning,1878.2,12475.07,273.48,247.48
2807,2025-07-31,Dyeing,Unit B,Evening,1576.79,10275.9,228.12,212.41
2808,2025-07-31,Dyeing,Unit B,Night,1317.56,8983.02,184.85,170.92
2809,2025-08-01,Spinning,Unit A,Morning,1065.16,5474.55,167.8,128.99
2810,2025-08-01,Spinning,Unit A,Evening,1243.61,6323.37,182.15,155.82
2811,2025-08-01,Spinning,Unit A,Night,1192.22,5839.73,177.87,141.29
2812,2025-08-01,Spinning,Unit B,Morning,1272.6,6348.96,179.41,154.3
2813,2025-08-01,Spinning,Unit B,Evening,1302.56,6455.13,200.95,146.45
2814,2025-08-01,Spinning,Unit B,Night,1130.9,5800.98,177.04,139.28
2815,2025-08-01,Weaving,Unit A,Morning,750.73,3685.13,113.91,89.91
2816,2025-08-01,Weaving,Unit A,Evening,992.53,4402.23,138.33,120.09
2817,2025-08-01,Weaving,Unit A,Night,939.55,4127.48,153.63,111.78
2818,2025-08-01,Weaving,Unit B,Morning,967.32,4352.55,166.33,114.07
2819,2025-08-01,Weaving,Unit B,Evening,1105.05,4723.84,173.96,128.05
2820,2025-08-01,Weaving,Unit B,Night,1068.95,4840.98,168.92,136.1
2821,2025-08-01,Dyeing,Unit A,Morning,1387.82,9434.05,213.85,194.67
2822,2025-08-01,Dyeing,Unit A,Evening,1316.95,8726.94,184.54,170.11
2823,2025-08-01,Dyeing,Unit A,Night,1406.02,9282.21,209.61,175.29
2824,2025-08-01,Dyeing,Unit B,Morning,1456.61,9390.85,199.74,195.41
2825,2025-08-01,Dyeing,Unit B,Evening,1726.05,11469.08,248.31,233.37
2826,2025-08-01,Dyeing,Unit B,Night,1691.49,10891.37,245.55,218.9
2827,2025-08-02,Spinning,Unit A,Morning,1140.05,5351.49,170.28,135.0
2828,2025-08-02,Spinning,Unit A,Evening,1151.0,6138.62,179.08,128.16
2829,2025-08-02,Spinning,Unit A,Night,1446.31,7443.14,224.87,177.79
2830,2025-08-02,Spinning,Unit B,Morning,1159.63,5766.62,173.21,129.21
2831,2025-08-02,Spinning,Unit B,Evening,1250.08,6365.79,199.77,147.4
2832,2025-08-02,Spinning,Unit B,Night,1415.41,7083.73,209.34,157.24
2833,2025-08-02,Weaving,Unit A,Morning,828.02,3411.75,121.44,96.12
2834,2025-08-02,Weaving,Unit A,Evening,997.92,4405.63,156.11,135.01
2835,2025-08-02,Weaving,Unit A,Night,787.72,3831.44,127.26,95.85
2836,2025-08-02,Weaving,Unit B,Morning,975.54,4067.22,135.55,116.49
2837,2025-08-02,Weaving,Unit B,Evening,828.63,3899.38,141.39,99.95
2838,2025-08-02,Weaving,Unit B,Night,965.23,4487.39,154.65,130.93
2839,2025-08-02,Dyeing,Unit A,Morning,1631.62,10954.3,250.5,216.74
2840,2025-08-02,Dyeing,Unit A,Evening,1431.72,9596.0,217.37,197.92
2841,2025-08-02,Dyeing,Unit A,Night,1378.29,9565.79,213.72,185.47
2842,2025-08-02,Dyeing,Unit B,Morning,1577.35,10999.67,224.25,208.77
2843,2025-08-02,Dyeing,Unit B,Evening,1509.77,9946.45,207.85,191.6
2844,2025-08-02,Dyeing,Unit B,Night,1682.54,11129.84,242.52,227.21
2845,2025-08-03,Spinning,Unit A,Morning,1286.65,6333.95,198.06,150.82
2846,2025-08-03,Spinning,Unit A,Evening,1310.92,6866.15,207.1,151.22
2847,2025-08-03,Spinning,Unit A,Night,1208.79,6367.29,189.74,140.5
2848,2025-08-03,Spinning,Unit B,Morning,1193.63,5914.56,185.9,132.47
2849,2025-08-03,Spinning,Unit B,Evening,1093.53,5562.15,158.77,122.84
2850,2025-08-03,Spinning,Unit B,Night,1017.34,4916.93,151.61,128.8
2851,2025-08-03,Weaving,Unit A,Morning,865.76,3827.16,134.15,98.12
2852,2025-08-03,Weaving,Unit A,Evening,880.71,4055.44,134.74,111.11
2853,2025-08-03,Weaving,Unit A,Night,941.95,3808.59,137.13,118.52
2854,2025-08-03,Weaving,Unit B,Morning,909.64,4292.51,142.23,112.3
2855,2025-08-03,Weaving,Unit B,Evening,849.49,4007.96,134.99,112.29
2856,2025-08-03,Weaving,Unit B,Night,786.67,3659.08,111.85,97.35
2857,2025-08-03,Dyeing,Unit A,Morning,1868.84,12417.86,280.44,247.62
2858,2025-08-03,Dyeing,Unit A,Evening,1759.51,11232.07,249.9,225.62
2859,2025-08-03,Dyeing,Unit A,Night,1501.25,9715.28,203.81,203.41
2860,2025-08-03,Dyeing,Unit B,Morning,1541.58,10132.98,225.28,202.68
2861,2025-08-03,Dyeing,Unit B,Evening,1860.49,12021.44,266.53,242.84
2862,2025-08-03,Dyeing,Unit B,Night,1385.67,9515.18,198.82,192.05
2863,2025-08-04,Spinning,Unit A,Morning,1152.56,5976.52,187.41,148.14
2864,2025-08-04,Spinning,Unit A,Evening,1150.15,5522.8,180.29,126.92
2865,2025-08-04,Spinning,Unit A,Night,1068.28,5334.01,158.88,123.74
2866,2025-08-04,Spinning,Unit B,Morning,1104.14,5356.46,160.0,128.2
2867,2025-08-04,Spinning,Unit B,Evening,1190.71,5835.8,165.73,143.89
2868,2025-08-04,Spinning,Unit B,Night,1135.74,5402.96,165.78,128.96
2869,2025-08-04,Weaving,Unit A,Morning,860.22,3898.69,139.14,105.93
2870,2025-08-04,Weaving,Unit A,Evening,1035.51,4675.17,147.83,133.62
2871,2025-08-04,Weaving,Unit A,Night,779.35,3236.16,124.41,103.98
2872,2025-08-04,Weaving,Unit B,Morning,1069.27,4877.42,166.33,132.38
2873,2025-08-04,Weaving,Unit B,Evening,886.04,3831.43,143.57,106.71
2874,2025-08-04,Weaving,Unit B,Night,963.12,4079.81,140.87,119.95
2875,2025-08-04,Dyeing,Unit A,Morning,1812.19,11949.42,280.57,236.35
2876,2025-08-04,Dyeing,Unit A,Evening,1578.62,10340.02,239.39,211.22
2877,2025-08-04,Dyeing,Unit A,Night,1809.24,12421.66,268.98,247.34
2878,2025-08-04,Dyeing,Unit B,Morning,1319.27,8981.29,186.36,174.58
2879,2025-08-04,Dyeing,Unit B,Evening,1755.72,11716.61,270.62,236.21
2880,2025-08-04,Dyeing,Unit B,Night,1393.13,9391.91,192.36,193.79
2881,2025-08-05,Spinning,Unit A,Morning,1081.69,5262.7,155.41,125.31
2882,2025-08-05,Spinning,Unit A,Evening,1037.66,5570.94,150.21,119.03
2883,2025-08-05,Spinning,Unit A,Night,1309.16,6623.61,194.18,160.75
2884,2025-08-05,Spinning,Unit B,Morning,1155.63,5721.62,178.07,129.31
2885,2025-08-05,Spinning,Unit B,Evening,1330.35,6363.37,194.7,146.28
2886,2025-08-05,Spinning,Unit B,Night,1416.86,7439.28,221.19,162.98
2887,2025-08-05,Weaving,Unit A,Morning,1071.2,4642.9,160.06,129.77
2888,2025-08-05,Weaving,Unit A,Evening,897.03,4104.24,156.49,120.7
2889,2025-08-05,Weaving,Unit A,Night,1019.83,4631.17,173.53,122.22
2890,2025-08-05,Weaving,Unit B,Morning,1024.72,4578.44,160.55,120.29
2891,2025-08-05,Weaving,Unit B,Evening,1019.63,4673.15,165.23,131.32
2892,2025-08-05,Weaving,Unit B,Night,797.29,3694.61,135.16,104.43
2893,2025-08-05,Dyeing,Unit A,Morning,1552.54,10042.32,231.92,199.19
2894,2025-08-05,Dyeing,Unit A,Evening,1624.58,10512.5,242.15,221.87
2895,2025-08-05,Dyeing,Unit A,Night,1582.55,10546.81,223.19,206.46
2896,2025-08-05,Dyeing,Unit B,Morning,1602.8,10591.57,241.29,200.02
2897,2025-08-05,Dyeing,Unit B,Evening,1313.28,9155.71,189.45,181.95
2898,2025-08-05,Dyeing,Unit B,Night,1844.16,12128.17,256.97,238.66
2899,2025-08-06,Spinning,Unit A,Morning,1458.53,7188.22,227.08,174.59
2900,2025-08-06,Spinning,Unit A,Evening,1380.4,6921.45,201.69,160.73
2901,2025-08-06,Spinning,Unit A,Night,1200.02,5971.12,175.13,136.37
2902,2025-08-06,Spinning,Unit B,Morning,1218.2,6483.92,186.28,136.56
2903,2025-08-06,Spinning,Unit B,Evening,1283.59,6866.83,187.01,145.32
2904,2025-08-06,Spinning,Unit B,Night,1348.49,7104.55,210.39,167.6
2905,2025-08-06,Weaving,Unit A,Morning,838.54,3770.48,119.33,103.8
2906,2025-08-06,Weaving,Unit A,Evening,768.74,3718.81,128.94,98.24
2907,2025-08-06,Weaving,Unit A,Night,905.62,4466.05,146.22,109.08
2908,2025-08-06,Weaving,Unit B,Morning,889.28,4086.23,146.14,118.61
2909,2025-08-06,Weaving,Unit B,Evening,932.69,4256.77,130.72,115.2
2910,2025-08-06,Weaving,Unit B,Night,1121.6,4764.15,160.85,131.53
2911,2025-08-06,Dyeing,Unit A,Morning,1756.22,12107.55,265.29,231.6
2912,2025-08-06,Dyeing,Unit A,Evening,1473.74,9523.52,218.56,195.28
2913,2025-08-06,Dyeing,Unit A,Night,1551.68,10169.26,218.53,209.13
2914,2025-08-06,Dyeing,Unit B,Morning,1554.25,10278.47,231.05,198.57
2915,2025-08-06,Dyeing,Unit B,Evening,1694.37,11492.26,250.11,234.96
2916,2025-08-06,Dyeing,Unit B,Night,1537.12,10664.68,236.78,211.08
2917,2025-08-07,Spinning,Unit A,Morning,1167.19,5475.34,180.51,141.05
2918,2025-08-07,Spinning,Unit A,Evening,1315.24,6687.88,204.95,154.9
2919,2025-08-07,Spinning,Unit A,Night,1331.63,6474.55,192.15,148.73
2920,2025-08-07,Spinning,Unit B,Morning,1325.34,6484.34,199.21,152.79
2921,2025-08-07,Spinning,Unit B,Evening,1086.08,5906.55,159.83,133.72
2922,2025-08-07,Spinning,Unit B,Night,1369.93,6749.72,213.28,166.02
2923,2025-08-07,Weaving,Unit A,Morning,958.37,4410.7,147.31,120.74
2924,2025-08-07,Weaving,Unit A,Evening,1104.27,4743.97,168.81,143.39
2925,2025-08-07,Weaving,Unit A,Night,887.04,3719.6,132.87,108.0
2926,2025-08-07,Weaving,Unit B,Morning,1064.14,4324.25,167.38,120.73
2927,2025-08-07,Weaving,Unit B,Evening,961.14,4208.28,140.85,110.22
2928,2025-08-07,Weaving,Unit B,Night,926.11,4108.38,153.97,119.66
2929,2025-08-07,Dyeing,Unit A,Morning,1330.05,8877.37,187.45,170.73
2930,2025-08-07,Dyeing,Unit A,Evening,1287.65,8495.43,181.38,165.34
2931,2025-08-07,Dyeing,Unit A,Night,1697.55,11356.75,246.66,216.2
2932,2025-08-07,Dyeing,Unit B,Morning,1422.78,9291.14,201.3,187.69
2933,2025-08-07,Dyeing,Unit B,Evening,1794.63,11670.48,258.12,230.39
2934,2025-08-07,Dyeing,Unit B,Night,1291.89,8421.99,185.14,169.53
2935,2025-08-08,Spinning,Unit A,Morning,1061.61,5653.69,172.12,131.83
2936,2025-08-08,Spinning,Unit A,Evening,1303.57,6793.77,193.9,159.35
2937,2025-08-08,Spinning,Unit A,Night,1059.64,5134.47,155.12,112.14
2938,2025-08-08,Spinning,Unit B,Morning,1114.71,5754.06,159.59,124.81
2939,2025-08-08,Spinning,Unit B,Evening,1461.47,7229.11,211.35,179.37
2940,2025-08-08,Spinning,Unit B,Night,1148.42,5336.74,178.22,121.11
2941,2025-08-08,Weaving,Unit A,Morning,870.83,3906.23,136.37,102.99
2942,2025-08-08,Weaving,Unit A,Evening,904.29,4049.0,124.27,111.56
2943,2025-08-08,Weaving,Unit A,Night,860.23,3554.78,131.39,114.62
2944,2025-08-08,Weaving,Unit B,Morning,731.16,3606.72,114.89,97.61
2945,2025-08-08,Weaving,Unit B,Evening,892.54,3921.75,139.02,102.41
2946,2025-08-08,Weaving,Unit B,Night,996.98,4553.0,158.76,127.72
2947,2025-08-08,Dyeing,Unit A,Morning,1409.2,9702.26,210.7,193.75
2948,2025-08-08,Dyeing,Unit A,Evening,1769.57,11723.93,267.1,239.18
2949,2025-08-08,Dyeing,Unit A,Night,1794.12,12347.68,268.78,248.61
2950,2025-08-08,Dyeing,Unit B,Morning,1451.46,9332.15,201.37,189.77
2951,2025-08-08,Dyeing,Unit B,Evening,1757.31,11504.85,265.53,223.5
2952,2025-08-08,Dyeing,Unit B,Night,1522.96,10031.08,223.24,193.05
2953,2025-08-09,Spinning,Unit A,Morning,1148.07,5841.02,164.22,126.26
2954,2025-08-09,Spinning,Unit A,Evening,1102.0,5716.6,168.53,134.75
2955,2025-08-09,Spinning,Unit A,Night,1417.0,6986.3,199.48,162.47
2956,2025-08-09,Spinning,Unit B,Morning,1160.76,5758.57,177.1,129.5
2957,2025-08-09,Spinning,Unit B,Evening,1267.98,6225.93,191.71,158.09
2958,2025-08-09,Spinning,Unit B,Night,1442.11,6806.94,213.06,158.37
2959,2025-08-09,Weaving,Unit A,Morning,875.75,3744.3,133.97,103.68
2960,2025-08-09,Weaving,Unit A,Evening,1017.96,4583.58,152.56,126.27
2961,2025-08-09,Weaving,Unit A,Night,755.13,3238.48,121.99,89.86
2962,2025-08-09,Weaving,Unit B,Morning,912.74,4018.06,155.89,112.58
2963,2025-08-09,Weaving,Unit B,Evening,871.1,4309.62,152.97,101.24
2964,2025-08-09,Weaving,Unit B,Night,778.38,3619.43,135.36,98.62
2965,2025-08-09,Dyeing,Unit A,Morning,1308.69,8720.79,182.01,162.67
2966,2025-08-09,Dyeing,Unit A,Evening,1414.22,9383.58,213.79,196.41
2967,2025-08-09,Dyeing,Unit A,Night,1312.13,8671.65,189.23,174.23
2968,2025-08-09,Dyeing,Unit B,Morning,1728.68,11417.54,240.96,221.03
2969,2025-08-09,Dyeing,Unit B,Evening,1432.42,9221.73,202.2,181.41
2970,2025-08-09,Dyeing,Unit B,Night,1500.92,9607.11,223.84,203.12
2971,2025-08-10,Spinning,Unit A,Morning,1244.87,6041.22,189.53,134.12
2972,2025-08-10,Spinning,Unit A,Evening,1111.64,5711.0,171.59,141.58
2973,2025-08-10,Spinning,Unit A,Night,1141.21,5303.86,174.41,127.81
2974,2025-08-10,Spinning,Unit B,Morning,1274.17,6591.89,183.84,153.58
2975,2025-08-10,Spinning,Unit B,Evening,1082.92,5176.21,155.77,116.55
2976,2025-08-10,Spinning,Unit B,Night,1107.71,5680.12,178.77,140.43
2977,2025-08-10,Weaving,Unit A,Morning,839.58,3911.63,137.11,99.53
2978,2025-08-10,Weaving,Unit A,Evening,796.7,3484.07,132.24,98.07
2979,2025-08-10,Weaving,Unit A,Night,831.13,4135.89,143.41,100.67
2980,2025-08-10,Weaving,Unit B,Morning,884.88,3996.21,142.58,109.58
2981,2025-08-10,Weaving,Unit B,Evening,915.79,3989.0,138.38,106.35
2982,2025-08-10,Weaving,Unit B,Night,1095.44,5178.09,161.26,137.79
2983,2025-08-10,Dyeing,Unit A,Morning,1700.4,11056.45,240.57,233.14
2984,2025-08-10,Dyeing,Unit A,Evening,1584.43,10053.6,216.7,205.12
2985,2025-08-10,Dyeing,Unit A,Night,1474.76,10079.74,216.82,188.08
2986,2025-08-10,Dyeing,Unit B,Morning,1528.5,10261.47,228.1,190.03
2987,2025-08-10,Dyeing,Unit B,Evening,1762.07,11862.15,249.14,225.54
2988,2025-08-10,Dyeing,Unit B,Night,1334.31,8479.12,194.63,177.47
2989,2025-08-11,Spinning,Unit A,Morning,1198.1,5876.18,185.78,134.4
2990,2025-08-11,Spinning,Unit A,Evening,1384.38,6971.02,211.6,164.96
2991,2025-08-11,Spinning,Unit A,Night,1060.44,5557.36,172.45,131.61
2992,2025-08-11,Spinning,Unit B,Morning,1414.67,6867.43,216.39,153.04
2993,2025-08-11,Spinning,Unit B,Evening,1397.21,7022.27,205.31,157.11
2994,2025-08-11,Spinning,Unit B,Night,1191.93,5534.74,179.04,141.43
2995,2025-08-11,Weaving,Unit A,Morning,994.49,4765.25,157.22,124.9
2996,2025-08-11,Weaving,Unit A,Evening,797.77,3732.4,120.64,99.32
2997,2025-08-11,Weaving,Unit A,Night,951.35,4172.36,157.26,107.19
2998,2025-08-11,Weaving,Unit B,Morning,1017.83,4471.83,163.4,132.75
2999,2025-08-11,Weaving,Unit B,Evening,1019.7,4798.42,171.21,134.46
3000,2025-08-11,Weaving,Unit B,Night,1071.38,4993.42,164.64,135.38
3001,2025-08-11,Dyeing,Unit A,Morning,1823.37,12328.88,258.51,250.99
3002,2025-08-11,Dyeing,Unit A,Evening,1477.12,9496.72,215.58,203.63
3003,2025-08-11,Dyeing,Unit A,Night,1481.5,10069.39,224.51,207.35
3004,2025-08-11,Dyeing,Unit B,Morning,1700.97,11560.82,246.16,224.34
3005,2025-08-11,Dyeing,Unit B,Evening,1395.58,9372.63,210.45,189.64
3006,2025-08-11,Dyeing,Unit B,Night,1747.63,12182.82,268.45,247.23
3007,2025-08-12,Spinning,Unit A,Morning,1048.65,5301.11,154.91,126.71
3008,2025-08-12,Spinning,Unit A,Evening,1167.47,5812.44,167.56,137.18
3009,2025-08-12,Spinning,Unit A,Night,1138.36,5379.5,176.59,120.45
3010,2025-08-12,Spinning,Unit B,Morning,1060.83,5320.88,157.84,123.3
3011,2025-08-12,Spinning,Unit B,Evening,1309.96,6508.67,212.16,147.37
3012,2025-08-12,Spinning,Unit B,Night,1074.84,5227.45,161.3,120.15
3013,2025-08-12,Weaving,Unit A,Morning,989.94,4579.41,164.1,115.77
3014,2025-08-12,Weaving,Unit A,Evening,882.06,3992.58,139.5,98.23
3015,2025-08-12,Weaving,Unit A,Night,846.34,3833.77,135.48,111.7
3016,2025-08-12,Weaving,Unit B,Morning,1018.7,4279.14,166.59,133.83
3017,2025-08-12,Weaving,Unit B,Evening,1093.08,4697.78,170.08,137.16
3018,2025-08-12,Weaving,Unit B,Night,961.07,4302.81,149.29,120.98
3019,2025-08-12,Dyeing,Unit A,Morning,1690.38,11570.01,246.98,235.32
3020,2025-08-12,Dyeing,Unit A,Evening,1557.89,10529.81,224.66,208.42
3021,2025-08-12,Dyeing,Unit A,Night,1400.02,9426.73,193.3,188.7
3022,2025-08-12,Dyeing,Unit B,Morning,1683.23,11467.71,247.66,220.22
3023,2025-08-12,Dyeing,Unit B,Evening,1420.96,9500.49,213.73,192.4
3024,2025-08-12,Dyeing,Unit B,Night,1563.98,10567.27,223.96,204.47
3025,2025-08-13,Spinning,Unit A,Morning,1051.26,5396.86,153.98,132.36
3026,2025-08-13,Spinning,Unit A,Evening,1381.39,6827.03,197.1,158.14
3027,2025-08-13,Spinning,Unit A,Night,1046.0,5546.27,162.49,121.41
3028,2025-08-13,Spinning,Unit B,Morning,1021.03,4963.9,154.99,121.45
3029,2025-08-13,Spinning,Unit B,Evening,1307.78,6925.15,213.62,163.46
3030,2025-08-13,Spinning,Unit B,Night,1315.31,6612.48,213.03,159.31
3031,2025-08-13,Weaving,Unit A,Morning,1133.06,4855.88,169.38,141.11
3032,2025-08-13,Weaving,Unit A,Evening,916.19,4131.89,143.65,119.34
3033,2025-08-13,Weaving,Unit A,Night,908.99,4114.68,136.78,111.36
3034,2025-08-13,Weaving,Unit B,Morning,974.24,4082.41,151.17,117.69
3035,2025-08-13,Weaving,Unit B,Evening,831.73,3679.26,118.04,105.1
3036,2025-08-13,Weaving,Unit B,Night,975.86,4481.94,145.84,129.0
3037,2025-08-13,Dyeing,Unit A,Morning,1484.7,9492.22,210.96,197.49
3038,2025-08-13,Dyeing,Unit A,Evening,1476.83,9728.92,208.31,190.79
3039,2025-08-13,Dyeing,Unit A,Night,1819.38,12323.02,272.01,245.6
3040,2025-08-13,Dyeing,Unit B,Morning,1386.14,8968.42,210.5,172.8
3041,2025-08-13,Dyeing,Unit B,Evening,1385.19,9294.34,206.07,177.49
3042,2025-08-13,Dyeing,Unit B,Night,1509.65,10342.26,225.73,211.71
3043,2025-08-14,Spinning,Unit A,Morning,1254.94,5986.32,186.41,144.09
3044,2025-08-14,Spinning,Unit A,Evening,1257.76,6218.32,196.47,159.8
3045,2025-08-14,Spinning,Unit A,Night,1468.36,7459.22,225.31,170.69
3046,2025-08-14,Spinning,Unit B,Morning,1224.8,5903.13,188.03,134.65
3047,2025-08-14,Spinning,Unit B,Evening,1444.76,7191.28,224.68,170.79
3048,2025-08-14,Spinning,Unit B,Night,1333.4,6799.15,193.12,150.54
3049,2025-08-14,Weaving,Unit A,Morning,1040.28,4697.08,164.99,138.55
3050,2025-08-14,Weaving,Unit A,Evening,886.52,3995.12,147.88,105.39
3051,2025-08-14,Weaving,Unit A,Night,804.04,3721.39,114.21,102.91
3052,2025-08-14,Weaving,Unit B,Morning,844.28,4082.9,134.35,98.71
3053,2025-08-14,Weaving,Unit B,Evening,970.2,4459.21,143.02,125.28
3054,2025-08-14,Weaving,Unit B,Night,947.46,4233.01,132.95,115.78
3055,2025-08-14,Dyeing,Unit A,Morning,1658.44,11050.73,257.23,234.38
3056,2025-08-14,Dyeing,Unit A,Evening,1375.3,9372.02,197.27,176.29
3057,2025-08-14,Dyeing,Unit A,Night,1694.31,11744.19,261.63,239.8
3058,2025-08-14,Dyeing,Unit B,Morning,1620.43,10818.91,248.59,216.96
3059,2025-08-14,Dyeing,Unit B,Evening,1265.47,8311.32,182.2,169.47
3060,2025-08-14,Dyeing,Unit B,Night,1733.32,11414.45,263.57,224.07
3061,2025-08-15,Spinning,Unit A,Morning,1041.48,5290.53,149.85,131.24
3062,2025-08-15,Spinning,Unit A,Evening,1223.58,6074.18,189.23,152.5
3063,2025-08-15,Spinning,Unit A,Night,1431.5,7103.05,211.86,170.08
3064,2025-08-15,Spinning,Unit B,Morning,1274.89,6659.43,183.23,159.2
3065,2025-08-15,Spinning,Unit B,Evening,1358.56,6771.29,196.14,161.75
3066,2025-08-15,Spinning,Unit B,Night,1184.94,5832.35,174.42,144.18
3067,2025-08-15,Weaving,Unit A,Morning,867.69,3888.83,141.47,101.4
3068,2025-08-15,Weaving,Unit A,Evening,1063.94,4730.21,176.93,139.14
3069,2025-08-15,Weaving,Unit A,Night,788.31,3852.02,135.03,100.64
3070,2025-08-15,Weaving,Unit B,Morning,1054.92,4598.19,159.29,118.31
3071,2025-08-15,Weaving,Unit B,Evening,968.2,4124.04,152.72,118.52
3072,2025-08-15,Weaving,Unit B,Night,753.05,3450.11,127.54,96.6
3073,2025-08-15,Dyeing,Unit A,Morning,1811.79,11792.05,257.04,240.29
3074,2025-08-15,Dyeing,Unit A,Evening,1812.56,12285.75,268.15,240.91
3075,2025-08-15,Dyeing,Unit A,Night,1716.4,10983.23,255.93,225.88
3076,2025-08-15,Dyeing,Unit B,Morning,1640.98,11475.71,240.75,229.73
3077,2025-08-15,Dyeing,Unit B,Evening,1323.06,8600.54,186.77,169.03
3078,2025-08-15,Dyeing,Unit B,Night,1677.98,11261.84,239.81,236.35
3079,2025-08-16,Spinning,Unit A,Morning,1328.15,6833.5,192.02,147.44
3080,2025-08-16,Spinning,Unit A,Evening,1063.36,5251.29,156.74,119.3
3081,2025-08-16,Spinning,Unit A,Night,1440.56,7181.18,214.21,163.57
3082,2025-08-16,Spinning,Unit B,Morning,1162.19,6149.79,170.01,141.24
3083,2025-08-16,Spinning,Unit B,Evening,1096.85,5039.6,160.0,119.8
3084,2025-08-16,Spinning,Unit B,Night,1093.26,5279.08,171.56,133.85
3085,2025-08-16,Weaving,Unit A,Morning,1052.06,4808.71,171.19,131.42
3086,2025-08-16,Weaving,Unit A,Evening,842.67,3789.38,140.6,112.3
3087,2025-08-16,Weaving,Unit A,Night,1017.45,4386.6,158.31,118.1
3088,2025-08-16,Weaving,Unit B,Morning,838.41,3761.47,139.42,111.4
3089,2025-08-16,Weaving,Unit B,Evening,1130.42,4700.38,181.21,127.71
3090,2025-08-16,Weaving,Unit B,Night,794.54,3527.46,126.47,96.13
3091,2025-08-16,Dyeing,Unit A,Morning,1798.79,11995.77,253.23,246.31
3092,2025-08-16,Dyeing,Unit A,Evening,1386.64,8710.09,204.05,170.37
3093,2025-08-16,Dyeing,Unit A,Night,1802.21,11797.12,249.38,231.55
3094,2025-08-16,Dyeing,Unit B,Morning,1664.01,10745.6,251.43,217.44
3095,2025-08-16,Dyeing,Unit B,Evening,1488.16,9680.87,202.04,193.99
3096,2025-08-16,Dyeing,Unit B,Night,1273.08,8762.12,190.21,169.42
3097,2025-08-17,Spinning,Unit A,Morning,1018.5,5262.12,150.63,128.44
3098,2025-08-17,Spinning,Unit A,Evening,1131.59,5806.51,167.9,143.38
3099,2025-08-17,Spinning,Unit A,Night,1153.41,5645.23,186.41,131.02
3100,2025-08-17,Spinning,Unit B,Morning,1094.73,5566.87,172.46,124.89
3101,2025-08-17,Spinning,Unit B,Evening,1522.29,7692.96,227.3,178.2
3102,2025-08-17,Spinning,Unit B,Night,1440.84,7166.75,214.32,156.34
3103,2025-08-17,Weaving,Unit A,Morning,1065.58,4924.91,166.39,131.39
3104,2025-08-17,Weaving,Unit A,Evening,1036.97,4519.56,157.13,119.9
3105,2025-08-17,Weaving,Unit A,Night,1065.48,5122.83,162.84,135.38
3106,2025-08-17,Weaving,Unit B,Morning,1015.44,4835.6,161.8,126.67
3107,2025-08-17,Weaving,Unit B,Evening,1128.75,4983.84,162.61,133.67
3108,2025-08-17,Weaving,Unit B,Night,957.57,4434.04,153.25,122.99
3109,2025-08-17,Dyeing,Unit A,Morning,1469.11,10069.51,212.51,189.98
3110,2025-08-17,Dyeing,Unit A,Evening,1381.19,9105.73,204.0,177.54
3111,2025-08-17,Dyeing,Unit A,Night,1315.52,8655.17,186.86,168.73
3112,2025-08-17,Dyeing,Unit B,Morning,1654.52,11456.71,233.95,231.39
3113,2025-08-17,Dyeing,Unit B,Evening,1847.44,12258.46,272.74,252.09
3114,2025-08-17,Dyeing,Unit B,Night,1704.06,11554.43,245.08,221.22
3115,2025-08-18,Spinning,Unit A,Morning,1453.7,7368.07,224.2,176.74
3116,2025-08-18,Spinning,Unit A,Evening,1181.23,5918.25,179.7,141.5
3117,2025-08-18,Spinning,Unit A,Night,1314.7,6560.14,202.6,152.57
3118,2025-08-18,Spinning,Unit B,Morning,1049.46,4817.79,160.99,124.39
3119,2025-08-18,Spinning,Unit B,Evening,1307.58,6598.12,192.13,153.57
3120,2025-08-18,Spinning,Unit B,Night,1049.29,5243.24,160.4,127.09
3121,2025-08-18,Weaving,Unit A,Morning,935.28,4015.52,150.97,114.04
3122,2025-08-18,Weaving,Unit A,Evening,982.62,3898.8,147.16,107.42
3123,2025-08-18,Weaving,Unit A,Night,793.31,3400.73,130.14,98.88
3124,2025-08-18,Weaving,Unit B,Morning,991.5,4535.5,155.0,118.11
3125,2025-08-18,Weaving,Unit B,Evening,967.28,4196.47,148.03,120.51
3126,2025-08-18,Weaving,Unit B,Night,866.11,4281.86,142.14,102.33
3127,2025-08-18,Dyeing,Unit A,Morning,1656.18,10707.74,249.09,225.27
3128,2025-08-18,Dyeing,Unit A,Evening,1439.78,9452.83,200.22,192.63
3129,2025-08-18,Dyeing,Unit A,Night,1794.26,12378.38,261.71,233.03
3130,2025-08-18,Dyeing,Unit B,Morning,1659.24,11002.19,242.73,225.31
3131,2025-08-18,Dyeing,Unit B,Evening,1558.19,10596.89,242.14,216.99
3132,2025-08-18,Dyeing,Unit B,Night,1295.2,8523.83,191.32,165.61
3133,2025-08-19,Spinning,Unit A,Morning,1114.98,5237.6,168.76,122.33
3134,2025-08-19,Spinning,Unit A,Evening,1443.41,7578.19,224.89,166.54
3135,2025-08-19,Spinning,Unit A,Night,1115.74,5797.87,163.03,134.2
3136,2025-08-19,Spinning,Unit B,Morning,1271.95,6613.84,193.84,149.54
3137,2025-08-19,Spinning,Unit B,Evening,1107.64,5549.18,177.53,138.45
3138,2025-08-19,Spinning,Unit B,Night,1105.31,5654.76,176.27,120.82
3139,2025-08-19,Weaving,Unit A,Morning,944.15,4238.93,153.02,128.85
3140,2025-08-19,Weaving,Unit A,Evening,965.01,4640.55,160.41,125.69
3141,2025-08-19,Weaving,Unit A,Night,1073.49,4977.51,177.96,129.69
3142,2025-08-19,Weaving,Unit B,Morning,981.53,4171.08,139.84,122.85
3143,2025-08-19,Weaving,Unit B,Evening,1028.77,4502.49,156.6,122.12
3144,2025-08-19,Weaving,Unit B,Night,1102.92,4948.75,158.34,124.41
3145,2025-08-19,Dyeing,Unit A,Morning,1467.76,9928.9,201.94,193.8
3146,2025-08-19,Dyeing,Unit A,Evening,1449.52,9538.85,228.06,188.86
3147,2025-08-19,Dyeing,Unit A,Night,1727.75,11605.1,246.41,231.24
3148,2025-08-19,Dyeing,Unit B,Morning,1522.34,10385.5,230.11,196.04
3149,2025-08-19,Dyeing,Unit B,Evening,1562.84,10368.25,222.9,196.35
3150,2025-08-19,Dyeing,Unit B,Night,1351.99,8934.06,185.41,170.56
3151,2025-08-20,Spinning,Unit A,Morning,1422.46,7226.94,209.52,164.53
3152,2025-08-20,Spinning,Unit A,Evening,1039.26,5120.02,157.75,118.95
3153,2025-08-20,Spinning,Unit A,Night,1411.7,7196.75,217.58,169.26
3154,2025-08-20,Spinning,Unit B,Morning,1421.4,7465.59,208.28,160.92
3155,2025-08-20,Spinning,Unit B,Evening,1425.21,7188.19,222.9,168.73
3156,2025-08-20,Spinning,Unit B,Night,1484.09,7489.14,228.08,168.68
3157,2025-08-20,Weaving,Unit A,Morning,1114.85,4686.08,179.62,130.02
3158,2025-08-20,Weaving,Unit A,Evening,835.07,3837.91,139.23,101.66
3159,2025-08-20,Weaving,Unit A,Night,961.75,4181.49,147.86,118.06
3160,2025-08-20,Weaving,Unit B,Morning,1066.6,4716.75,160.08,127.44
3161,2025-08-20,Weaving,Unit B,Evening,918.85,4255.79,150.19,119.37
3162,2025-08-20,Weaving,Unit B,Night,847.94,3341.71,126.89,95.76
3163,2025-08-20,Dyeing,Unit A,Morning,1459.03,9573.39,202.58,190.86
3164,2025-08-20,Dyeing,Unit A,Evening,1609.86,10771.95,234.95,205.32
3165,2025-08-20,Dyeing,Unit A,Night,1570.54,10432.52,222.34,201.57
3166,2025-08-20,Dyeing,Unit B,Morning,1727.96,11250.21,254.06,234.92
3167,2025-08-20,Dyeing,Unit B,Evening,1818.69,12008.42,264.17,243.68
3168,2025-08-20,Dyeing,Unit B,Night,1374.49,9660.82,202.03,197.18
3169,2025-08-21,Spinning,Unit A,Morning,1356.5,6900.3,208.82,153.52
3170,2025-08-21,Spinning,Unit A,Evening,1473.39,7302.41,210.38,171.27
3171,2025-08-21,Spinning,Unit A,Night,1379.16,6482.02,194.87,160.94
3172,2025-08-21,Spinning,Unit B,Morning,1325.68,6345.32,202.96,149.86
3173,2025-08-21,Spinning,Unit B,Evening,1310.79,6107.87,190.81,151.18
3174,2025-08-21,Spinning,Unit B,Night,1299.33,6352.31,188.42,155.29
3175,2025-08-21,Weaving,Unit A,Morning,974.3,4375.33,156.11,129.69
3176,2025-08-21,Weaving,Unit A,Evening,1067.8,4630.64,155.31,118.45
3177,2025-08-21,Weaving,Unit A,Night,847.8,3846.9,136.95,113.38
3178,2025-08-21,Weaving,Unit B,Morning,1025.61,4538.1,148.59,116.55
3179,2025-08-21,Weaving,Unit B,Evening,966.51,4504.76,154.76,130.52
3180,2025-08-21,Weaving,Unit B,Night,951.76,3996.61,150.11,116.66
3181,2025-08-21,Dyeing,Unit A,Morning,1617.88,11189.28,245.8,209.04
3182,2025-08-21,Dyeing,Unit A,Evening,1473.66,9987.13,211.88,207.38
3183,2025-08-21,Dyeing,Unit A,Night,1355.91,8921.32,207.01,177.18
3184,2025-08-21,Dyeing,Unit B,Morning,1682.12,10920.06,239.92,215.98
3185,2025-08-21,Dyeing,Unit B,Evening,1584.67,10703.08,226.33,219.24
3186,2025-08-21,Dyeing,Unit B,Night,1750.79,11817.63,248.73,223.53
3187,2025-08-22,Spinning,Unit A,Morning,1458.8,6866.33,210.28,176.87
3188,2025-08-22,Spinning,Unit A,Evening,1157.53,5588.08,170.45,132.07
3189,2025-08-22,Spinning,Unit A,Night,1115.38,5691.43,173.28,130.73
3190,2025-08-22,Spinning,Unit B,Morning,1193.79,6026.16,175.35,135.73
3191,2025-08-22,Spinning,Unit B,Evening,1399.09,7149.33,204.95,158.97
3192,2025-08-22,Spinning,Unit B,Night,1156.16,6059.43,168.06,135.86
3193,2025-08-22,Weaving,Unit A,Morning,879.12,3793.76,133.45,104.13
3194,2025-08-22,Weaving,Unit A,Evening,1075.69,4943.48,161.43,123.21
3195,2025-08-22,Weaving,Unit A,Night,993.02,4256.49,154.62,121.05
3196,2025-08-22,Weaving,Unit B,Morning,983.88,3972.95,150.38,121.23
3197,2025-08-22,Weaving,Unit B,Evening,783.74,3503.52,126.5,96.65
3198,2025-08-22,Weaving,Unit B,Night,1075.55,4840.77,172.33,132.44
3199,2025-08-22,Dyeing,Unit A,Morning,1418.64,9050.3,194.44,181.06
3200,2025-08-22,Dyeing,Unit A,Evening,1888.86,12650.95,278.25,239.42
3201,2025-08-22,Dyeing,Unit A,Night,1697.9,11313.95,257.36,218.97
3202,2025-08-22,Dyeing,Unit B,Morning,1613.49,10939.18,229.45,207.84
3203,2025-08-22,Dyeing,Unit B,Evening,1860.65,12474.1,269.03,254.03
3204,2025-08-22,Dyeing,Unit B,Night,1446.18,10031.64,214.54,205.44
3205,2025-08-23,Spinning,Unit A,Morning,1439.79,7226.17,215.82,159.4
3206,2025-08-23,Spinning,Unit A,Evening,1269.25,6290.01,182.8,148.75
3207,2025-08-23,Spinning,Unit A,Night,1290.77,6378.83,190.43,153.09
3208,2025-08-23,Spinning,Unit B,Morning,1116.27,5945.66,176.1,141.55
3209,2025-08-23,Spinning,Unit B,Evening,1063.75,5136.58,154.07,125.54
3210,2025-08-23,Spinning,Unit B,Night,1076.09,5057.57,163.27,112.02
3211,2025-08-23,Weaving,Unit A,Morning,1017.37,4332.35,159.52,123.43
3212,2025-08-23,Weaving,Unit A,Evening,1009.14,4305.58,152.41,133.97
3213,2025-08-23,Weaving,Unit A,Night,974.5,4158.6,158.4,122.08
3214,2025-08-23,Weaving,Unit B,Morning,921.62,3793.26,141.65,119.86
3215,2025-08-23,Weaving,Unit B,Evening,751.4,3270.67,134.1,104.86
3216,2025-08-23,Weaving,Unit B,Night,880.92,3732.63,134.52,103.61
3217,2025-08-23,Dyeing,Unit A,Morning,1409.5,9182.63,199.84,180.51
3218,2025-08-23,Dyeing,Unit A,Evening,1539.27,10080.28,233.45,200.56
3219,2025-08-23,Dyeing,Unit A,Night,1787.41,11659.72,267.39,235.76
3220,2025-08-23,Dyeing,Unit B,Morning,1755.09,11869.81,256.78,226.91
3221,2025-08-23,Dyeing,Unit B,Evening,1803.28,11856.19,250.25,242.0
3222,2025-08-23,Dyeing,Unit B,Night,1453.33,9722.29,210.93,191.44
3223,2025-08-24,Spinning,Unit A,Morning,1208.94,5862.62,174.98,133.33
3224,2025-08-24,Spinning,Unit A,Evening,1185.86,5800.48,180.28,130.5
3225,2025-08-24,Spinning,Unit A,Night,1331.65,6582.72,200.21,154.34
3226,2025-08-24,Spinning,Unit B,Morning,1304.69,6427.3,193.29,154.81
3227,2025-08-24,Spinning,Unit B,Evening,1409.45,6766.45,211.44,158.99
3228,2025-08-24,Spinning,Unit B,Night,1035.64,5157.24,156.58,127.67
3229,2025-08-24,Weaving,Unit A,Morning,770.25,3381.68,120.84,98.89
3230,2025-08-24,Weaving,Unit A,Evening,852.94,3850.28,116.45,102.98
3231,2025-08-24,Weaving,Unit A,Night,1116.63,4741.32,165.77,137.81
3232,2025-08-24,Weaving,Unit B,Morning,913.24,3881.53,136.59,101.4
3233,2025-08-24,Weaving,Unit B,Evening,823.61,3617.76,123.31,101.68
3234,2025-08-24,Weaving,Unit B,Night,1053.5,4472.44,154.81,124.33
3235,2025-08-24,Dyeing,Unit A,Morning,1868.08,12185.74,262.49,254.17
3236,2025-08-24,Dyeing,Unit A,Evening,1818.54,11847.2,252.88,249.44
3237,2025-08-24,Dyeing,Unit A,Night,1416.86,9331.78,210.58,181.1
3238,2025-08-24,Dyeing,Unit B,Morning,1452.4,9695.27,203.87,193.61
3239,2025-08-24,Dyeing,Unit B,Evening,1379.43,9282.75,205.68,178.54
3240,2025-08-24,Dyeing,Unit B,Night,1517.6,10512.95,238.82,197.0
